Legal_Text,True_Sentiment,Predicted_Sentiment
The case was transferred to a different jurisdiction for review.,Neutral,Negative
The company was fined for repeated violations of regulatory standards.,Negative,Negative
The ruling imposed strict sanctions for the breach of contract.,Negative,Negative
Client complaints centered around the prolonged legal dispute.,Negative,Negative
The judge ordered a review of procedural aspects.,Neutral,Neutral
The court criticized the firm’s handling of the legal matter.,Negative,Negative
The legal team submitted a revised motion for consideration.,Neutral,Neutral
"The legal proceedings were resolved amicably, benefiting both parties.",Positive,Positive
The parties are required to submit quarterly compliance reports.,Neutral,Neutral
"The legal proceedings were resolved amicably, benefiting both parties.",Positive,Positive
The judge expressed concern over non-compliance with court orders.,Negative,Negative
The agreement includes clauses that defer specific responsibilities.,Neutral,Neutral
An internal audit uncovered unlawful practices by the legal entity.,Negative,Negative
The judge ordered a review of procedural aspects.,Neutral,Neutral
The ruling imposed strict sanctions for the breach of contract.,Negative,Negative
"The legal proceedings were resolved amicably, benefiting both parties.",Positive,Positive
Client complaints centered around the prolonged legal dispute.,Negative,Negative
The arbitration concluded with a win-win resolution.,Positive,Positive
An internal audit uncovered unlawful practices by the legal entity.,Negative,Negative
Client complaints centered around the prolonged legal dispute.,Negative,Negative
The arbitration concluded with a win-win resolution.,Positive,Positive
The court has requested additional documentation before proceeding.,Neutral,Neutral
The arbitration concluded with a win-win resolution.,Positive,Positive
The client expressed satisfaction with the swift settlement process.,Positive,Positive
The judge expressed concern over non-compliance with court orders.,Negative,Negative
The status conference was rescheduled to a later date.,Neutral,Neutral
The status conference was rescheduled to a later date.,Neutral,Neutral
The defendant's actions were found to be fraudulent and deliberate.,Negative,Negative
"The court ruled in favor of the Harris, Lin and Murphy, citing substantial compliance with all regulations.",Positive,Positive
The judge expressed concern over non-compliance with court orders.,Negative,Negative
The contract breach resulted in significant financial penalties.,Negative,Negative
The legal team submitted a revised motion for consideration.,Neutral,Neutral
Client complaints centered around the prolonged legal dispute.,Negative,Negative
Positive feedback was received regarding the legal counsel's performance.,Positive,Positive
An internal audit uncovered unlawful practices by the legal entity.,Negative,Negative
The arbitration concluded with a win-win resolution.,Positive,Positive
No decision was reached pending further investigation.,Neutral,Neutral
Client complaints centered around the prolonged legal dispute.,Negative,Negative
The ruling imposed strict sanctions for the breach of contract.,Negative,Negative
The defendant's actions were found to be fraudulent and deliberate.,Negative,Negative
No decision was reached pending further investigation.,Neutral,Neutral
The judge expressed concern over non-compliance with court orders.,Negative,Negative
The ruling imposed strict sanctions for the breach of contract.,Negative,Negative
The hearing was adjourned until further notice.,Neutral,Neutral
The contract breach resulted in significant financial penalties.,Negative,Negative
The court has requested additional documentation before proceeding.,Neutral,Neutral
The final judgment praised the party's adherence to ethical standards.,Positive,Positive
The legal team submitted a revised motion for consideration.,Neutral,Neutral
The arbitration concluded with a win-win resolution.,Positive,Positive
"The plaintiff failed to provide sufficient evidence, leading to dismissal of the case.",Negative,Negative
The case revealed multiple compliance failures by the organization.,Negative,Negative
The case was transferred to a different jurisdiction for review.,Neutral,Negative
The arbitration concluded with a win-win resolution.,Positive,Positive
The status conference was rescheduled to a later date.,Neutral,Neutral
The case revealed multiple compliance failures by the organization.,Negative,Negative
The agreement includes clauses that defer specific responsibilities.,Neutral,Neutral
The legal team submitted a revised motion for consideration.,Neutral,Neutral
"The case concluded with favorable terms for the company, avoiding litigation.",Positive,Positive
The judge ordered a review of procedural aspects.,Neutral,Neutral
The court has requested additional documentation before proceeding.,Neutral,Neutral
The parties are required to submit quarterly compliance reports.,Neutral,Neutral
The contract was renewed based on excellent prior performance and mutual agreement.,Positive,Positive
The client expressed satisfaction with the swift settlement process.,Positive,Positive
The contract was renewed based on excellent prior performance and mutual agreement.,Positive,Positive
"The court ruled in favor of the Watkins, Kennedy and Washington, citing substantial compliance with all regulations.",Positive,Positive
The arbitration concluded with a win-win resolution.,Positive,Positive
The legal team submitted a revised motion for consideration.,Neutral,Neutral
An internal audit uncovered unlawful practices by the legal entity.,Negative,Negative
The agreement includes clauses that defer specific responsibilities.,Neutral,Neutral
The final judgment praised the party's adherence to ethical standards.,Positive,Positive
"The plaintiff failed to provide sufficient evidence, leading to dismissal of the case.",Negative,Negative
An internal audit uncovered unlawful practices by the legal entity.,Negative,Negative
"The legal proceedings were resolved amicably, benefiting both parties.",Positive,Positive
"The court ruled in favor of the Castro LLC, citing substantial compliance with all regulations.",Positive,Positive
The appeal was filed within the statutory time frame.,Neutral,Neutral
Positive feedback was received regarding the legal counsel's performance.,Positive,Positive
The parties are required to submit quarterly compliance reports.,Neutral,Neutral
"The plaintiff failed to provide sufficient evidence, leading to dismissal of the case.",Negative,Negative
The contract was renewed based on excellent prior performance and mutual agreement.,Positive,Positive
The judge ordered a review of procedural aspects.,Neutral,Neutral
The legal team submitted a revised motion for consideration.,Neutral,Neutral
The court has requested additional documentation before proceeding.,Neutral,Neutral
"The defendant successfully demonstrated their innocence, resulting in a full acquittal.",Positive,Positive
"The case concluded with favorable terms for the company, avoiding litigation.",Positive,Positive
"The settlement was achieved efficiently, with minimal court intervention.",Positive,Positive
The company was fined for repeated violations of regulatory standards.,Negative,Negative
Positive feedback was received regarding the legal counsel's performance.,Positive,Positive
The client expressed satisfaction with the swift settlement process.,Positive,Positive
The final judgment praised the party's adherence to ethical standards.,Positive,Positive
The appeal was filed within the statutory time frame.,Neutral,Neutral
The company was fined for repeated violations of regulatory standards.,Negative,Negative
"The case concluded with favorable terms for the company, avoiding litigation.",Positive,Positive
The client expressed satisfaction with the swift settlement process.,Positive,Positive
No decision was reached pending further investigation.,Neutral,Neutral
The appeal was filed within the statutory time frame.,Neutral,Neutral
"The court ruled in favor of the Clark Group, citing substantial compliance with all regulations.",Positive,Positive
The contract was renewed based on excellent prior performance and mutual agreement.,Positive,Positive
The status conference was rescheduled to a later date.,Neutral,Neutral
The defendant's actions were found to be fraudulent and deliberate.,Negative,Negative
The company was fined for repeated violations of regulatory standards.,Negative,Negative
The hearing was adjourned until further notice.,Neutral,Neutral
The agreement includes clauses that defer specific responsibilities.,Neutral,Neutral
An internal audit uncovered unlawful practices by the legal entity.,Negative,Negative
"The court ruled in favor of the Pratt-Frost, citing substantial compliance with all regulations.",Positive,Positive
Positive feedback was received regarding the legal counsel's performance.,Positive,Positive
No decision was reached pending further investigation.,Neutral,Neutral
The contract breach resulted in significant financial penalties.,Negative,Negative
"The court ruled in favor of the Martin, Dunn and Salazar, citing substantial compliance with all regulations.",Positive,Positive
The client expressed satisfaction with the swift settlement process.,Positive,Positive
Positive feedback was received regarding the legal counsel's performance.,Positive,Positive
"The defendant successfully demonstrated their innocence, resulting in a full acquittal.",Positive,Positive
"The case concluded with favorable terms for the company, avoiding litigation.",Positive,Positive
The court has requested additional documentation before proceeding.,Neutral,Neutral
The agreement includes clauses that defer specific responsibilities.,Neutral,Neutral
No decision was reached pending further investigation.,Neutral,Neutral
The court criticized the firm’s handling of the legal matter.,Negative,Negative
The contract breach resulted in significant financial penalties.,Negative,Negative
The case revealed multiple compliance failures by the organization.,Negative,Negative
The ruling imposed strict sanctions for the breach of contract.,Negative,Negative
The case revealed multiple compliance failures by the organization.,Negative,Negative
Client complaints centered around the prolonged legal dispute.,Negative,Negative
The defendant's actions were found to be fraudulent and deliberate.,Negative,Negative
The contract breach resulted in significant financial penalties.,Negative,Negative
"The court ruled in favor of the Huang, White and Shelton, citing substantial compliance with all regulations.",Positive,Positive
"The court ruled in favor of the Walker and Sons, citing substantial compliance with all regulations.",Positive,Positive
The client expressed satisfaction with the swift settlement process.,Positive,Positive
An internal audit uncovered unlawful practices by the legal entity.,Negative,Negative
The judge ordered a review of procedural aspects.,Neutral,Neutral
The ruling imposed strict sanctions for the breach of contract.,Negative,Negative
"The settlement was achieved efficiently, with minimal court intervention.",Positive,Positive
The company was fined for repeated violations of regulatory standards.,Negative,Negative
No decision was reached pending further investigation.,Neutral,Neutral
The appeal was filed within the statutory time frame.,Neutral,Neutral
The court criticized the firm’s handling of the legal matter.,Negative,Negative
The case was transferred to a different jurisdiction for review.,Neutral,Negative
The status conference was rescheduled to a later date.,Neutral,Neutral
Positive feedback was received regarding the legal counsel's performance.,Positive,Positive
The hearing was adjourned until further notice.,Neutral,Neutral
The client expressed satisfaction with the swift settlement process.,Positive,Positive
Client complaints centered around the prolonged legal dispute.,Negative,Negative
The judge expressed concern over non-compliance with court orders.,Negative,Negative
The court criticized the firm’s handling of the legal matter.,Negative,Negative
The court criticized the firm’s handling of the legal matter.,Negative,Negative
The arbitration concluded with a win-win resolution.,Positive,Positive
The legal team submitted a revised motion for consideration.,Neutral,Neutral
The defendant's actions were found to be fraudulent and deliberate.,Negative,Negative
The agreement includes clauses that defer specific responsibilities.,Neutral,Neutral
The case revealed multiple compliance failures by the organization.,Negative,Negative
The company was fined for repeated violations of regulatory standards.,Negative,Negative
The status conference was rescheduled to a later date.,Neutral,Neutral
The hearing was adjourned until further notice.,Neutral,Neutral
"The plaintiff failed to provide sufficient evidence, leading to dismissal of the case.",Negative,Negative
The case revealed multiple compliance failures by the organization.,Negative,Negative
No decision was reached pending further investigation.,Neutral,Neutral
The client expressed satisfaction with the swift settlement process.,Positive,Positive
The defendant's actions were found to be fraudulent and deliberate.,Negative,Negative
The court criticized the firm’s handling of the legal matter.,Negative,Negative
The case revealed multiple compliance failures by the organization.,Negative,Negative
The client expressed satisfaction with the swift settlement process.,Positive,Positive
The defendant's actions were found to be fraudulent and deliberate.,Negative,Negative
The status conference was rescheduled to a later date.,Neutral,Neutral
The legal team submitted a revised motion for consideration.,Neutral,Neutral
The contract breach resulted in significant financial penalties.,Negative,Negative
The case revealed multiple compliance failures by the organization.,Negative,Negative
The contract was renewed based on excellent prior performance and mutual agreement.,Positive,Positive
"The settlement was achieved efficiently, with minimal court intervention.",Positive,Positive
The appeal was filed within the statutory time frame.,Neutral,Neutral
The court criticized the firm’s handling of the legal matter.,Negative,Negative
The case was transferred to a different jurisdiction for review.,Neutral,Negative
The agreement includes clauses that defer specific responsibilities.,Neutral,Neutral
"The settlement was achieved efficiently, with minimal court intervention.",Positive,Positive
The client expressed satisfaction with the swift settlement process.,Positive,Positive
The arbitration concluded with a win-win resolution.,Positive,Positive
The company was fined for repeated violations of regulatory standards.,Negative,Negative
The client expressed satisfaction with the swift settlement process.,Positive,Positive
The case revealed multiple compliance failures by the organization.,Negative,Negative
The appeal was filed within the statutory time frame.,Neutral,Neutral
The court has requested additional documentation before proceeding.,Neutral,Neutral
The company was fined for repeated violations of regulatory standards.,Negative,Negative
The client expressed satisfaction with the swift settlement process.,Positive,Positive
"The settlement was achieved efficiently, with minimal court intervention.",Positive,Positive
An internal audit uncovered unlawful practices by the legal entity.,Negative,Negative
"The settlement was achieved efficiently, with minimal court intervention.",Positive,Positive
The court has requested additional documentation before proceeding.,Neutral,Neutral
The court criticized the firm’s handling of the legal matter.,Negative,Negative
No decision was reached pending further investigation.,Neutral,Neutral
The agreement includes clauses that defer specific responsibilities.,Neutral,Neutral
The judge ordered a review of procedural aspects.,Neutral,Neutral
Positive feedback was received regarding the legal counsel's performance.,Positive,Positive
The agreement includes clauses that defer specific responsibilities.,Neutral,Neutral
The client expressed satisfaction with the swift settlement process.,Positive,Positive
An internal audit uncovered unlawful practices by the legal entity.,Negative,Negative
The contract was renewed based on excellent prior performance and mutual agreement.,Positive,Positive
No decision was reached pending further investigation.,Neutral,Neutral
The defendant's actions were found to be fraudulent and deliberate.,Negative,Negative
The parties are required to submit quarterly compliance reports.,Neutral,Neutral
The judge expressed concern over non-compliance with court orders.,Negative,Negative
The legal team submitted a revised motion for consideration.,Neutral,Neutral
Client complaints centered around the prolonged legal dispute.,Negative,Negative
"The defendant successfully demonstrated their innocence, resulting in a full acquittal.",Positive,Positive
