ID,Legal_Text,Sentiment
1,"The defendant successfully demonstrated their innocence, resulting in a full acquittal.",Positive
2,"The legal proceedings were resolved amicably, benefiting both parties.",Positive
3,The status conference was rescheduled to a later date.,Neutral
4,Client complaints centered around the prolonged legal dispute.,Negative
5,"The settlement was achieved efficiently, with minimal court intervention.",Positive
6,Client complaints centered around the prolonged legal dispute.,Negative
7,"The case concluded with favorable terms for the company, avoiding litigation.",Positive
8,"The plaintiff failed to provide sufficient evidence, leading to dismissal of the case.",Negative
9,The client expressed satisfaction with the swift settlement process.,Positive
10,Positive feedback was received regarding the legal counsel's performance.,Positive
11,The client expressed satisfaction with the swift settlement process.,Positive
12,The appeal was filed within the statutory time frame.,Neutral
13,The case was transferred to a different jurisdiction for review.,Neutral
14,The court has requested additional documentation before proceeding.,Neutral
15,"The legal proceedings were resolved amicably, benefiting both parties.",Positive
16,"The court ruled in favor of the Warren-Pham, citing substantial compliance with all regulations.",Positive
17,The court criticized the firm’s handling of the legal matter.,Negative
18,"The plaintiff failed to provide sufficient evidence, leading to dismissal of the case.",Negative
19,The parties are required to submit quarterly compliance reports.,Neutral
20,"The plaintiff failed to provide sufficient evidence, leading to dismissal of the case.",Negative
21,The ruling imposed strict sanctions for the breach of contract.,Negative
22,The contract was renewed based on excellent prior performance and mutual agreement.,Positive
23,The contract was renewed based on excellent prior performance and mutual agreement.,Positive
24,The legal team submitted a revised motion for consideration.,Neutral
25,The ruling imposed strict sanctions for the breach of contract.,Negative
26,The judge ordered a review of procedural aspects.,Neutral
27,No decision was reached pending further investigation.,Neutral
28,The court criticized the firm’s handling of the legal matter.,Negative
29,"The legal proceedings were resolved amicably, benefiting both parties.",Positive
30,The arbitration concluded with a win-win resolution.,Positive
31,"The settlement was achieved efficiently, with minimal court intervention.",Positive
32,An internal audit uncovered unlawful practices by the legal entity.,Negative
33,"The plaintiff failed to provide sufficient evidence, leading to dismissal of the case.",Negative
34,The defendant's actions were found to be fraudulent and deliberate.,Negative
35,An internal audit uncovered unlawful practices by the legal entity.,Negative
36,"The defendant successfully demonstrated their innocence, resulting in a full acquittal.",Positive
37,An internal audit uncovered unlawful practices by the legal entity.,Negative
38,The case revealed multiple compliance failures by the organization.,Negative
39,"The case concluded with favorable terms for the company, avoiding litigation.",Positive
40,The case revealed multiple compliance failures by the organization.,Negative
41,The appeal was filed within the statutory time frame.,Neutral
42,The judge expressed concern over non-compliance with court orders.,Negative
43,The judge ordered a review of procedural aspects.,Neutral
44,The client expressed satisfaction with the swift settlement process.,Positive
45,"The legal proceedings were resolved amicably, benefiting both parties.",Positive
46,"The legal proceedings were resolved amicably, benefiting both parties.",Positive
47,The judge expressed concern over non-compliance with court orders.,Negative
48,The contract breach resulted in significant financial penalties.,Negative
49,No decision was reached pending further investigation.,Neutral
50,The ruling imposed strict sanctions for the breach of contract.,Negative
51,The final judgment praised the party's adherence to ethical standards.,Positive
52,The court criticized the firm’s handling of the legal matter.,Negative
53,The court criticized the firm’s handling of the legal matter.,Negative
54,The final judgment praised the party's adherence to ethical standards.,Positive
55,The hearing was adjourned until further notice.,Neutral
56,The appeal was filed within the statutory time frame.,Neutral
57,"The case concluded with favorable terms for the company, avoiding litigation.",Positive
58,The case was transferred to a different jurisdiction for review.,Neutral
59,The court has requested additional documentation before proceeding.,Neutral
60,"The settlement was achieved efficiently, with minimal court intervention.",Positive
61,The court criticized the firm’s handling of the legal matter.,Negative
62,The hearing was adjourned until further notice.,Neutral
63,"The case concluded with favorable terms for the company, avoiding litigation.",Positive
64,The company was fined for repeated violations of regulatory standards.,Negative
65,The arbitration concluded with a win-win resolution.,Positive
66,The defendant's actions were found to be fraudulent and deliberate.,Negative
67,"The settlement was achieved efficiently, with minimal court intervention.",Positive
68,The legal team submitted a revised motion for consideration.,Neutral
69,The hearing was adjourned until further notice.,Neutral
70,The court criticized the firm’s handling of the legal matter.,Negative
71,An internal audit uncovered unlawful practices by the legal entity.,Negative
72,No decision was reached pending further investigation.,Neutral
73,Positive feedback was received regarding the legal counsel's performance.,Positive
74,The agreement includes clauses that defer specific responsibilities.,Neutral
75,The appeal was filed within the statutory time frame.,Neutral
76,The client expressed satisfaction with the swift settlement process.,Positive
77,The contract breach resulted in significant financial penalties.,Negative
78,The case was transferred to a different jurisdiction for review.,Neutral
79,"The case concluded with favorable terms for the company, avoiding litigation.",Positive
80,The contract breach resulted in significant financial penalties.,Negative
81,The agreement includes clauses that defer specific responsibilities.,Neutral
82,The legal team submitted a revised motion for consideration.,Neutral
83,The case was transferred to a different jurisdiction for review.,Neutral
84,The court criticized the firm’s handling of the legal matter.,Negative
85,Client complaints centered around the prolonged legal dispute.,Negative
86,The hearing was adjourned until further notice.,Neutral
87,The contract was renewed based on excellent prior performance and mutual agreement.,Positive
88,"The settlement was achieved efficiently, with minimal court intervention.",Positive
89,The case was transferred to a different jurisdiction for review.,Neutral
90,The judge ordered a review of procedural aspects.,Neutral
91,The judge ordered a review of procedural aspects.,Neutral
92,The ruling imposed strict sanctions for the breach of contract.,Negative
93,The client expressed satisfaction with the swift settlement process.,Positive
94,"The court ruled in favor of the Simmons-Perez, citing substantial compliance with all regulations.",Positive
95,Positive feedback was received regarding the legal counsel's performance.,Positive
96,The hearing was adjourned until further notice.,Neutral
97,The ruling imposed strict sanctions for the breach of contract.,Negative
98,The court has requested additional documentation before proceeding.,Neutral
99,The judge ordered a review of procedural aspects.,Neutral
100,The court has requested additional documentation before proceeding.,Neutral
101,Positive feedback was received regarding the legal counsel's performance.,Positive
102,The contract breach resulted in significant financial penalties.,Negative
103,The defendant's actions were found to be fraudulent and deliberate.,Negative
104,An internal audit uncovered unlawful practices by the legal entity.,Negative
105,The defendant's actions were found to be fraudulent and deliberate.,Negative
106,The contract breach resulted in significant financial penalties.,Negative
107,The defendant's actions were found to be fraudulent and deliberate.,Negative
108,"The case concluded with favorable terms for the company, avoiding litigation.",Positive
109,The contract was renewed based on excellent prior performance and mutual agreement.,Positive
110,No decision was reached pending further investigation.,Neutral
111,"The court ruled in favor of the Harris, Lin and Murphy, citing substantial compliance with all regulations.",Positive
112,The company was fined for repeated violations of regulatory standards.,Negative
113,The ruling imposed strict sanctions for the breach of contract.,Negative
114,"The settlement was achieved efficiently, with minimal court intervention.",Positive
115,The status conference was rescheduled to a later date.,Neutral
116,Positive feedback was received regarding the legal counsel's performance.,Positive
117,No decision was reached pending further investigation.,Neutral
118,An internal audit uncovered unlawful practices by the legal entity.,Negative
119,"The settlement was achieved efficiently, with minimal court intervention.",Positive
120,The final judgment praised the party's adherence to ethical standards.,Positive
121,"The defendant successfully demonstrated their innocence, resulting in a full acquittal.",Positive
122,The parties are required to submit quarterly compliance reports.,Neutral
123,The court has requested additional documentation before proceeding.,Neutral
124,The contract was renewed based on excellent prior performance and mutual agreement.,Positive
125,The arbitration concluded with a win-win resolution.,Positive
126,The ruling imposed strict sanctions for the breach of contract.,Negative
127,The agreement includes clauses that defer specific responsibilities.,Neutral
128,The parties are required to submit quarterly compliance reports.,Neutral
129,The case revealed multiple compliance failures by the organization.,Negative
130,The status conference was rescheduled to a later date.,Neutral
131,The legal team submitted a revised motion for consideration.,Neutral
132,The case revealed multiple compliance failures by the organization.,Negative
133,No decision was reached pending further investigation.,Neutral
134,The arbitration concluded with a win-win resolution.,Positive
135,The company was fined for repeated violations of regulatory standards.,Negative
136,"The case concluded with favorable terms for the company, avoiding litigation.",Positive
137,"The plaintiff failed to provide sufficient evidence, leading to dismissal of the case.",Negative
138,An internal audit uncovered unlawful practices by the legal entity.,Negative
139,Client complaints centered around the prolonged legal dispute.,Negative
140,The legal team submitted a revised motion for consideration.,Neutral
141,"The case concluded with favorable terms for the company, avoiding litigation.",Positive
142,The case revealed multiple compliance failures by the organization.,Negative
143,The contract breach resulted in significant financial penalties.,Negative
144,The arbitration concluded with a win-win resolution.,Positive
145,An internal audit uncovered unlawful practices by the legal entity.,Negative
146,"The legal proceedings were resolved amicably, benefiting both parties.",Positive
147,"The court ruled in favor of the Watkins, Kennedy and Washington, citing substantial compliance with all regulations.",Positive
148,An internal audit uncovered unlawful practices by the legal entity.,Negative
149,"The defendant successfully demonstrated their innocence, resulting in a full acquittal.",Positive
150,The case revealed multiple compliance failures by the organization.,Negative
151,The case revealed multiple compliance failures by the organization.,Negative
152,The defendant's actions were found to be fraudulent and deliberate.,Negative
153,The arbitration concluded with a win-win resolution.,Positive
154,"The legal proceedings were resolved amicably, benefiting both parties.",Positive
155,"The court ruled in favor of the Collins, Williams and Wright, citing substantial compliance with all regulations.",Positive
156,Client complaints centered around the prolonged legal dispute.,Negative
157,Client complaints centered around the prolonged legal dispute.,Negative
158,The defendant's actions were found to be fraudulent and deliberate.,Negative
159,"The defendant successfully demonstrated their innocence, resulting in a full acquittal.",Positive
160,The ruling imposed strict sanctions for the breach of contract.,Negative
161,The court has requested additional documentation before proceeding.,Neutral
162,The case revealed multiple compliance failures by the organization.,Negative
163,The contract breach resulted in significant financial penalties.,Negative
164,"The defendant successfully demonstrated their innocence, resulting in a full acquittal.",Positive
165,No decision was reached pending further investigation.,Neutral
166,The company was fined for repeated violations of regulatory standards.,Negative
167,The parties are required to submit quarterly compliance reports.,Neutral
168,The judge expressed concern over non-compliance with court orders.,Negative
169,The client expressed satisfaction with the swift settlement process.,Positive
170,The contract breach resulted in significant financial penalties.,Negative
171,The legal team submitted a revised motion for consideration.,Neutral
172,The legal team submitted a revised motion for consideration.,Neutral
173,The appeal was filed within the statutory time frame.,Neutral
174,The case revealed multiple compliance failures by the organization.,Negative
175,The company was fined for repeated violations of regulatory standards.,Negative
176,"The court ruled in favor of the Callahan-Hawkins, citing substantial compliance with all regulations.",Positive
177,The judge ordered a review of procedural aspects.,Neutral
178,The case revealed multiple compliance failures by the organization.,Negative
179,The ruling imposed strict sanctions for the breach of contract.,Negative
180,The court criticized the firm’s handling of the legal matter.,Negative
181,"The court ruled in favor of the Hardy-Bell, citing substantial compliance with all regulations.",Positive
182,The case revealed multiple compliance failures by the organization.,Negative
183,"The legal proceedings were resolved amicably, benefiting both parties.",Positive
184,The ruling imposed strict sanctions for the breach of contract.,Negative
185,No decision was reached pending further investigation.,Neutral
186,The final judgment praised the party's adherence to ethical standards.,Positive
187,The legal team submitted a revised motion for consideration.,Neutral
188,The legal team submitted a revised motion for consideration.,Neutral
189,The company was fined for repeated violations of regulatory standards.,Negative
190,The judge ordered a review of procedural aspects.,Neutral
191,The client expressed satisfaction with the swift settlement process.,Positive
192,The case revealed multiple compliance failures by the organization.,Negative
193,"The legal proceedings were resolved amicably, benefiting both parties.",Positive
194,The company was fined for repeated violations of regulatory standards.,Negative
195,The client expressed satisfaction with the swift settlement process.,Positive
196,The case revealed multiple compliance failures by the organization.,Negative
197,"The case concluded with favorable terms for the company, avoiding litigation.",Positive
198,The court has requested additional documentation before proceeding.,Neutral
199,"The case concluded with favorable terms for the company, avoiding litigation.",Positive
200,The contract was renewed based on excellent prior performance and mutual agreement.,Positive
201,The client expressed satisfaction with the swift settlement process.,Positive
202,No decision was reached pending further investigation.,Neutral
203,"The court ruled in favor of the Patton-Jones, citing substantial compliance with all regulations.",Positive
204,The ruling imposed strict sanctions for the breach of contract.,Negative
205,The appeal was filed within the statutory time frame.,Neutral
206,The court has requested additional documentation before proceeding.,Neutral
207,The hearing was adjourned until further notice.,Neutral
208,The ruling imposed strict sanctions for the breach of contract.,Negative
209,The contract was renewed based on excellent prior performance and mutual agreement.,Positive
210,An internal audit uncovered unlawful practices by the legal entity.,Negative
211,An internal audit uncovered unlawful practices by the legal entity.,Negative
212,The client expressed satisfaction with the swift settlement process.,Positive
213,Client complaints centered around the prolonged legal dispute.,Negative
214,"The case concluded with favorable terms for the company, avoiding litigation.",Positive
215,"The plaintiff failed to provide sufficient evidence, leading to dismissal of the case.",Negative
216,The court has requested additional documentation before proceeding.,Neutral
217,"The plaintiff failed to provide sufficient evidence, leading to dismissal of the case.",Negative
218,The agreement includes clauses that defer specific responsibilities.,Neutral
219,The appeal was filed within the statutory time frame.,Neutral
220,The ruling imposed strict sanctions for the breach of contract.,Negative
221,The agreement includes clauses that defer specific responsibilities.,Neutral
222,An internal audit uncovered unlawful practices by the legal entity.,Negative
223,"The settlement was achieved efficiently, with minimal court intervention.",Positive
224,The appeal was filed within the statutory time frame.,Neutral
225,Client complaints centered around the prolonged legal dispute.,Negative
226,"The defendant successfully demonstrated their innocence, resulting in a full acquittal.",Positive
227,The final judgment praised the party's adherence to ethical standards.,Positive
228,No decision was reached pending further investigation.,Neutral
229,The agreement includes clauses that defer specific responsibilities.,Neutral
230,"The legal proceedings were resolved amicably, benefiting both parties.",Positive
231,The contract was renewed based on excellent prior performance and mutual agreement.,Positive
232,The company was fined for repeated violations of regulatory standards.,Negative
233,"The settlement was achieved efficiently, with minimal court intervention.",Positive
234,The company was fined for repeated violations of regulatory standards.,Negative
235,"The plaintiff failed to provide sufficient evidence, leading to dismissal of the case.",Negative
236,"The plaintiff failed to provide sufficient evidence, leading to dismissal of the case.",Negative
237,The legal team submitted a revised motion for consideration.,Neutral
238,"The settlement was achieved efficiently, with minimal court intervention.",Positive
239,"The settlement was achieved efficiently, with minimal court intervention.",Positive
240,No decision was reached pending further investigation.,Neutral
241,The company was fined for repeated violations of regulatory standards.,Negative
242,The arbitration concluded with a win-win resolution.,Positive
243,The arbitration concluded with a win-win resolution.,Positive
244,"The settlement was achieved efficiently, with minimal court intervention.",Positive
245,Client complaints centered around the prolonged legal dispute.,Negative
246,"The court ruled in favor of the Martin, Dunn and Salazar, citing substantial compliance with all regulations.",Positive
247,The court has requested additional documentation before proceeding.,Neutral
248,The status conference was rescheduled to a later date.,Neutral
249,The contract was renewed based on excellent prior performance and mutual agreement.,Positive
250,Client complaints centered around the prolonged legal dispute.,Negative
251,"The court ruled in favor of the Banks-Sanchez, citing substantial compliance with all regulations.",Positive
252,The company was fined for repeated violations of regulatory standards.,Negative
253,The contract breach resulted in significant financial penalties.,Negative
254,The parties are required to submit quarterly compliance reports.,Neutral
255,The judge expressed concern over non-compliance with court orders.,Negative
256,The legal team submitted a revised motion for consideration.,Neutral
257,The court criticized the firm’s handling of the legal matter.,Negative
258,Positive feedback was received regarding the legal counsel's performance.,Positive
259,The court criticized the firm’s handling of the legal matter.,Negative
260,The company was fined for repeated violations of regulatory standards.,Negative
261,Client complaints centered around the prolonged legal dispute.,Negative
262,The client expressed satisfaction with the swift settlement process.,Positive
263,The legal team submitted a revised motion for consideration.,Neutral
264,The case was transferred to a different jurisdiction for review.,Neutral
265,Client complaints centered around the prolonged legal dispute.,Negative
266,"The legal proceedings were resolved amicably, benefiting both parties.",Positive
267,The court has requested additional documentation before proceeding.,Neutral
268,No decision was reached pending further investigation.,Neutral
269,The hearing was adjourned until further notice.,Neutral
270,The defendant's actions were found to be fraudulent and deliberate.,Negative
271,No decision was reached pending further investigation.,Neutral
272,The contract was renewed based on excellent prior performance and mutual agreement.,Positive
273,The defendant's actions were found to be fraudulent and deliberate.,Negative
274,The contract was renewed based on excellent prior performance and mutual agreement.,Positive
275,The parties are required to submit quarterly compliance reports.,Neutral
276,Client complaints centered around the prolonged legal dispute.,Negative
277,The final judgment praised the party's adherence to ethical standards.,Positive
278,The agreement includes clauses that defer specific responsibilities.,Neutral
279,The legal team submitted a revised motion for consideration.,Neutral
280,The client expressed satisfaction with the swift settlement process.,Positive
281,The court criticized the firm’s handling of the legal matter.,Negative
282,The hearing was adjourned until further notice.,Neutral
283,"The settlement was achieved efficiently, with minimal court intervention.",Positive
284,The judge expressed concern over non-compliance with court orders.,Negative
285,The appeal was filed within the statutory time frame.,Neutral
286,The hearing was adjourned until further notice.,Neutral
287,"The court ruled in favor of the Williams Group, citing substantial compliance with all regulations.",Positive
288,"The settlement was achieved efficiently, with minimal court intervention.",Positive
289,The case was transferred to a different jurisdiction for review.,Neutral
290,"The case concluded with favorable terms for the company, avoiding litigation.",Positive
291,The court criticized the firm’s handling of the legal matter.,Negative
292,The court has requested additional documentation before proceeding.,Neutral
293,The legal team submitted a revised motion for consideration.,Neutral
294,An internal audit uncovered unlawful practices by the legal entity.,Negative
295,The agreement includes clauses that defer specific responsibilities.,Neutral
296,The court has requested additional documentation before proceeding.,Neutral
297,The judge expressed concern over non-compliance with court orders.,Negative
298,"The plaintiff failed to provide sufficient evidence, leading to dismissal of the case.",Negative
299,An internal audit uncovered unlawful practices by the legal entity.,Negative
300,The judge expressed concern over non-compliance with court orders.,Negative
301,The defendant's actions were found to be fraudulent and deliberate.,Negative
302,The parties are required to submit quarterly compliance reports.,Neutral
303,The case revealed multiple compliance failures by the organization.,Negative
304,The case was transferred to a different jurisdiction for review.,Neutral
305,An internal audit uncovered unlawful practices by the legal entity.,Negative
306,The contract was renewed based on excellent prior performance and mutual agreement.,Positive
307,"The legal proceedings were resolved amicably, benefiting both parties.",Positive
308,"The plaintiff failed to provide sufficient evidence, leading to dismissal of the case.",Negative
309,The client expressed satisfaction with the swift settlement process.,Positive
310,The judge expressed concern over non-compliance with court orders.,Negative
311,The judge expressed concern over non-compliance with court orders.,Negative
312,An internal audit uncovered unlawful practices by the legal entity.,Negative
313,The legal team submitted a revised motion for consideration.,Neutral
314,The ruling imposed strict sanctions for the breach of contract.,Negative
315,An internal audit uncovered unlawful practices by the legal entity.,Negative
316,"The defendant successfully demonstrated their innocence, resulting in a full acquittal.",Positive
317,The contract was renewed based on excellent prior performance and mutual agreement.,Positive
318,No decision was reached pending further investigation.,Neutral
319,No decision was reached pending further investigation.,Neutral
320,The status conference was rescheduled to a later date.,Neutral
321,The legal team submitted a revised motion for consideration.,Neutral
322,The defendant's actions were found to be fraudulent and deliberate.,Negative
323,The case was transferred to a different jurisdiction for review.,Neutral
324,The case revealed multiple compliance failures by the organization.,Negative
325,No decision was reached pending further investigation.,Neutral
326,"The court ruled in favor of the Collier-Baker, citing substantial compliance with all regulations.",Positive
327,"The plaintiff failed to provide sufficient evidence, leading to dismissal of the case.",Negative
328,The ruling imposed strict sanctions for the breach of contract.,Negative
329,The defendant's actions were found to be fraudulent and deliberate.,Negative
330,"The plaintiff failed to provide sufficient evidence, leading to dismissal of the case.",Negative
331,Client complaints centered around the prolonged legal dispute.,Negative
332,The ruling imposed strict sanctions for the breach of contract.,Negative
333,Client complaints centered around the prolonged legal dispute.,Negative
334,"The plaintiff failed to provide sufficient evidence, leading to dismissal of the case.",Negative
335,The parties are required to submit quarterly compliance reports.,Neutral
336,The agreement includes clauses that defer specific responsibilities.,Neutral
337,The parties are required to submit quarterly compliance reports.,Neutral
338,The court has requested additional documentation before proceeding.,Neutral
339,The judge ordered a review of procedural aspects.,Neutral
340,The ruling imposed strict sanctions for the breach of contract.,Negative
341,The judge expressed concern over non-compliance with court orders.,Negative
342,The defendant's actions were found to be fraudulent and deliberate.,Negative
343,The status conference was rescheduled to a later date.,Neutral
344,The parties are required to submit quarterly compliance reports.,Neutral
345,An internal audit uncovered unlawful practices by the legal entity.,Negative
346,No decision was reached pending further investigation.,Neutral
347,The agreement includes clauses that defer specific responsibilities.,Neutral
348,The client expressed satisfaction with the swift settlement process.,Positive
349,The final judgment praised the party's adherence to ethical standards.,Positive
350,The court criticized the firm’s handling of the legal matter.,Negative
351,The appeal was filed within the statutory time frame.,Neutral
352,The contract breach resulted in significant financial penalties.,Negative
353,"The settlement was achieved efficiently, with minimal court intervention.",Positive
354,The contract breach resulted in significant financial penalties.,Negative
355,"The court ruled in favor of the Beltran, Rivers and Hart, citing substantial compliance with all regulations.",Positive
356,The judge expressed concern over non-compliance with court orders.,Negative
357,"The legal proceedings were resolved amicably, benefiting both parties.",Positive
358,The contract was renewed based on excellent prior performance and mutual agreement.,Positive
359,The defendant's actions were found to be fraudulent and deliberate.,Negative
360,The case revealed multiple compliance failures by the organization.,Negative
361,"The plaintiff failed to provide sufficient evidence, leading to dismissal of the case.",Negative
362,The contract breach resulted in significant financial penalties.,Negative
363,"The case concluded with favorable terms for the company, avoiding litigation.",Positive
364,The company was fined for repeated violations of regulatory standards.,Negative
365,The case was transferred to a different jurisdiction for review.,Neutral
366,The contract was renewed based on excellent prior performance and mutual agreement.,Positive
367,The appeal was filed within the statutory time frame.,Neutral
368,"The defendant successfully demonstrated their innocence, resulting in a full acquittal.",Positive
369,The judge expressed concern over non-compliance with court orders.,Negative
370,The agreement includes clauses that defer specific responsibilities.,Neutral
371,An internal audit uncovered unlawful practices by the legal entity.,Negative
372,The court has requested additional documentation before proceeding.,Neutral
373,The client expressed satisfaction with the swift settlement process.,Positive
374,The judge ordered a review of procedural aspects.,Neutral
375,The contract was renewed based on excellent prior performance and mutual agreement.,Positive
376,An internal audit uncovered unlawful practices by the legal entity.,Negative
377,The agreement includes clauses that defer specific responsibilities.,Neutral
378,The judge expressed concern over non-compliance with court orders.,Negative
379,The contract breach resulted in significant financial penalties.,Negative
380,The appeal was filed within the statutory time frame.,Neutral
381,The court has requested additional documentation before proceeding.,Neutral
382,The status conference was rescheduled to a later date.,Neutral
383,The company was fined for repeated violations of regulatory standards.,Negative
384,Positive feedback was received regarding the legal counsel's performance.,Positive
385,The judge expressed concern over non-compliance with court orders.,Negative
386,The court has requested additional documentation before proceeding.,Neutral
387,The defendant's actions were found to be fraudulent and deliberate.,Negative
388,The case revealed multiple compliance failures by the organization.,Negative
389,The case revealed multiple compliance failures by the organization.,Negative
390,"The settlement was achieved efficiently, with minimal court intervention.",Positive
391,The judge ordered a review of procedural aspects.,Neutral
392,Positive feedback was received regarding the legal counsel's performance.,Positive
393,The legal team submitted a revised motion for consideration.,Neutral
394,"The plaintiff failed to provide sufficient evidence, leading to dismissal of the case.",Negative
395,The status conference was rescheduled to a later date.,Neutral
396,The judge ordered a review of procedural aspects.,Neutral
397,Client complaints centered around the prolonged legal dispute.,Negative
398,Client complaints centered around the prolonged legal dispute.,Negative
399,No decision was reached pending further investigation.,Neutral
400,The case was transferred to a different jurisdiction for review.,Neutral
401,The agreement includes clauses that defer specific responsibilities.,Neutral
402,The parties are required to submit quarterly compliance reports.,Neutral
403,The contract breach resulted in significant financial penalties.,Negative
404,The parties are required to submit quarterly compliance reports.,Neutral
405,The arbitration concluded with a win-win resolution.,Positive
406,No decision was reached pending further investigation.,Neutral
407,The ruling imposed strict sanctions for the breach of contract.,Negative
408,The contract breach resulted in significant financial penalties.,Negative
409,"The plaintiff failed to provide sufficient evidence, leading to dismissal of the case.",Negative
410,Positive feedback was received regarding the legal counsel's performance.,Positive
411,The agreement includes clauses that defer specific responsibilities.,Neutral
412,The contract breach resulted in significant financial penalties.,Negative
413,An internal audit uncovered unlawful practices by the legal entity.,Negative
414,The defendant's actions were found to be fraudulent and deliberate.,Negative
415,The case was transferred to a different jurisdiction for review.,Neutral
416,The court criticized the firm’s handling of the legal matter.,Negative
417,The case was transferred to a different jurisdiction for review.,Neutral
418,"The case concluded with favorable terms for the company, avoiding litigation.",Positive
419,The case was transferred to a different jurisdiction for review.,Neutral
420,The legal team submitted a revised motion for consideration.,Neutral
421,No decision was reached pending further investigation.,Neutral
422,The contract breach resulted in significant financial penalties.,Negative
423,The ruling imposed strict sanctions for the breach of contract.,Negative
424,The agreement includes clauses that defer specific responsibilities.,Neutral
425,The appeal was filed within the statutory time frame.,Neutral
426,The judge expressed concern over non-compliance with court orders.,Negative
427,The arbitration concluded with a win-win resolution.,Positive
428,"The legal proceedings were resolved amicably, benefiting both parties.",Positive
429,The hearing was adjourned until further notice.,Neutral
430,The company was fined for repeated violations of regulatory standards.,Negative
431,The company was fined for repeated violations of regulatory standards.,Negative
432,The arbitration concluded with a win-win resolution.,Positive
433,The court criticized the firm’s handling of the legal matter.,Negative
434,The legal team submitted a revised motion for consideration.,Neutral
435,"The settlement was achieved efficiently, with minimal court intervention.",Positive
436,The contract was renewed based on excellent prior performance and mutual agreement.,Positive
437,The ruling imposed strict sanctions for the breach of contract.,Negative
438,The company was fined for repeated violations of regulatory standards.,Negative
439,An internal audit uncovered unlawful practices by the legal entity.,Negative
440,The appeal was filed within the statutory time frame.,Neutral
441,"The case concluded with favorable terms for the company, avoiding litigation.",Positive
442,The court criticized the firm’s handling of the legal matter.,Negative
443,The appeal was filed within the statutory time frame.,Neutral
444,"The court ruled in favor of the Harper and Sons, citing substantial compliance with all regulations.",Positive
445,Positive feedback was received regarding the legal counsel's performance.,Positive
446,The judge ordered a review of procedural aspects.,Neutral
447,No decision was reached pending further investigation.,Neutral
448,The defendant's actions were found to be fraudulent and deliberate.,Negative
449,"The legal proceedings were resolved amicably, benefiting both parties.",Positive
450,"The court ruled in favor of the Johnson-Moreno, citing substantial compliance with all regulations.",Positive
451,The ruling imposed strict sanctions for the breach of contract.,Negative
452,The legal team submitted a revised motion for consideration.,Neutral
453,The case was transferred to a different jurisdiction for review.,Neutral
454,The arbitration concluded with a win-win resolution.,Positive
455,The ruling imposed strict sanctions for the breach of contract.,Negative
456,The arbitration concluded with a win-win resolution.,Positive
457,"The plaintiff failed to provide sufficient evidence, leading to dismissal of the case.",Negative
458,The final judgment praised the party's adherence to ethical standards.,Positive
459,The parties are required to submit quarterly compliance reports.,Neutral
460,The ruling imposed strict sanctions for the breach of contract.,Negative
461,No decision was reached pending further investigation.,Neutral
462,Positive feedback was received regarding the legal counsel's performance.,Positive
463,"The defendant successfully demonstrated their innocence, resulting in a full acquittal.",Positive
464,The legal team submitted a revised motion for consideration.,Neutral
465,The hearing was adjourned until further notice.,Neutral
466,The arbitration concluded with a win-win resolution.,Positive
467,The judge expressed concern over non-compliance with court orders.,Negative
468,The legal team submitted a revised motion for consideration.,Neutral
469,The judge ordered a review of procedural aspects.,Neutral
470,The ruling imposed strict sanctions for the breach of contract.,Negative
471,The legal team submitted a revised motion for consideration.,Neutral
472,The appeal was filed within the statutory time frame.,Neutral
473,The contract was renewed based on excellent prior performance and mutual agreement.,Positive
474,"The case concluded with favorable terms for the company, avoiding litigation.",Positive
475,The court has requested additional documentation before proceeding.,Neutral
476,The appeal was filed within the statutory time frame.,Neutral
477,The status conference was rescheduled to a later date.,Neutral
478,The status conference was rescheduled to a later date.,Neutral
479,The judge expressed concern over non-compliance with court orders.,Negative
480,"The settlement was achieved efficiently, with minimal court intervention.",Positive
481,"The plaintiff failed to provide sufficient evidence, leading to dismissal of the case.",Negative
482,The hearing was adjourned until further notice.,Neutral
483,The judge ordered a review of procedural aspects.,Neutral
484,Client complaints centered around the prolonged legal dispute.,Negative
485,The appeal was filed within the statutory time frame.,Neutral
486,"The defendant successfully demonstrated their innocence, resulting in a full acquittal.",Positive
487,The contract breach resulted in significant financial penalties.,Negative
488,The arbitration concluded with a win-win resolution.,Positive
489,The parties are required to submit quarterly compliance reports.,Neutral
490,The arbitration concluded with a win-win resolution.,Positive
491,"The legal proceedings were resolved amicably, benefiting both parties.",Positive
492,The client expressed satisfaction with the swift settlement process.,Positive
493,"The court ruled in favor of the Castro LLC, citing substantial compliance with all regulations.",Positive
494,An internal audit uncovered unlawful practices by the legal entity.,Negative
495,An internal audit uncovered unlawful practices by the legal entity.,Negative
496,The case was transferred to a different jurisdiction for review.,Neutral
497,The judge ordered a review of procedural aspects.,Neutral
498,The judge ordered a review of procedural aspects.,Neutral
499,The court criticized the firm’s handling of the legal matter.,Negative
500,The case was transferred to a different jurisdiction for review.,Neutral
501,Positive feedback was received regarding the legal counsel's performance.,Positive
502,The court criticized the firm’s handling of the legal matter.,Negative
503,The judge expressed concern over non-compliance with court orders.,Negative
504,An internal audit uncovered unlawful practices by the legal entity.,Negative
505,The contract was renewed based on excellent prior performance and mutual agreement.,Positive
506,"The case concluded with favorable terms for the company, avoiding litigation.",Positive
507,The court has requested additional documentation before proceeding.,Neutral
508,The hearing was adjourned until further notice.,Neutral
509,Client complaints centered around the prolonged legal dispute.,Negative
510,The case was transferred to a different jurisdiction for review.,Neutral
511,The judge expressed concern over non-compliance with court orders.,Negative
512,The judge expressed concern over non-compliance with court orders.,Negative
513,The defendant's actions were found to be fraudulent and deliberate.,Negative
514,The case was transferred to a different jurisdiction for review.,Neutral
515,The agreement includes clauses that defer specific responsibilities.,Neutral
516,An internal audit uncovered unlawful practices by the legal entity.,Negative
517,The company was fined for repeated violations of regulatory standards.,Negative
518,The appeal was filed within the statutory time frame.,Neutral
519,"The defendant successfully demonstrated their innocence, resulting in a full acquittal.",Positive
520,The agreement includes clauses that defer specific responsibilities.,Neutral
521,The status conference was rescheduled to a later date.,Neutral
522,The status conference was rescheduled to a later date.,Neutral
523,The client expressed satisfaction with the swift settlement process.,Positive
524,The case revealed multiple compliance failures by the organization.,Negative
525,The judge ordered a review of procedural aspects.,Neutral
526,Client complaints centered around the prolonged legal dispute.,Negative
527,The hearing was adjourned until further notice.,Neutral
528,"The plaintiff failed to provide sufficient evidence, leading to dismissal of the case.",Negative
529,"The court ruled in favor of the Collins, Silva and Smith, citing substantial compliance with all regulations.",Positive
530,The legal team submitted a revised motion for consideration.,Neutral
531,"The defendant successfully demonstrated their innocence, resulting in a full acquittal.",Positive
532,The legal team submitted a revised motion for consideration.,Neutral
533,The ruling imposed strict sanctions for the breach of contract.,Negative
534,The client expressed satisfaction with the swift settlement process.,Positive
535,"The plaintiff failed to provide sufficient evidence, leading to dismissal of the case.",Negative
536,The parties are required to submit quarterly compliance reports.,Neutral
537,The contract breach resulted in significant financial penalties.,Negative
538,An internal audit uncovered unlawful practices by the legal entity.,Negative
539,The case was transferred to a different jurisdiction for review.,Neutral
540,The case revealed multiple compliance failures by the organization.,Negative
541,The contract breach resulted in significant financial penalties.,Negative
542,No decision was reached pending further investigation.,Neutral
543,The defendant's actions were found to be fraudulent and deliberate.,Negative
544,Positive feedback was received regarding the legal counsel's performance.,Positive
545,The court criticized the firm’s handling of the legal matter.,Negative
546,The judge ordered a review of procedural aspects.,Neutral
547,The status conference was rescheduled to a later date.,Neutral
548,Client complaints centered around the prolonged legal dispute.,Negative
549,"The plaintiff failed to provide sufficient evidence, leading to dismissal of the case.",Negative
550,The court criticized the firm’s handling of the legal matter.,Negative
551,The company was fined for repeated violations of regulatory standards.,Negative
552,The judge expressed concern over non-compliance with court orders.,Negative
553,The arbitration concluded with a win-win resolution.,Positive
554,"The defendant successfully demonstrated their innocence, resulting in a full acquittal.",Positive
555,Client complaints centered around the prolonged legal dispute.,Negative
556,The status conference was rescheduled to a later date.,Neutral
557,An internal audit uncovered unlawful practices by the legal entity.,Negative
558,Client complaints centered around the prolonged legal dispute.,Negative
559,The agreement includes clauses that defer specific responsibilities.,Neutral
560,Positive feedback was received regarding the legal counsel's performance.,Positive
561,Positive feedback was received regarding the legal counsel's performance.,Positive
562,"The settlement was achieved efficiently, with minimal court intervention.",Positive
563,The defendant's actions were found to be fraudulent and deliberate.,Negative
564,Client complaints centered around the prolonged legal dispute.,Negative
565,The court criticized the firm’s handling of the legal matter.,Negative
566,"The settlement was achieved efficiently, with minimal court intervention.",Positive
567,The status conference was rescheduled to a later date.,Neutral
568,"The settlement was achieved efficiently, with minimal court intervention.",Positive
569,The agreement includes clauses that defer specific responsibilities.,Neutral
570,The judge ordered a review of procedural aspects.,Neutral
571,The agreement includes clauses that defer specific responsibilities.,Neutral
572,"The court ruled in favor of the Lewis and Sons, citing substantial compliance with all regulations.",Positive
573,"The defendant successfully demonstrated their innocence, resulting in a full acquittal.",Positive
574,The company was fined for repeated violations of regulatory standards.,Negative
575,The appeal was filed within the statutory time frame.,Neutral
576,The parties are required to submit quarterly compliance reports.,Neutral
577,Positive feedback was received regarding the legal counsel's performance.,Positive
578,The contract was renewed based on excellent prior performance and mutual agreement.,Positive
579,The court has requested additional documentation before proceeding.,Neutral
580,The case was transferred to a different jurisdiction for review.,Neutral
581,The legal team submitted a revised motion for consideration.,Neutral
582,The contract breach resulted in significant financial penalties.,Negative
583,The appeal was filed within the statutory time frame.,Neutral
584,The hearing was adjourned until further notice.,Neutral
585,The status conference was rescheduled to a later date.,Neutral
586,The hearing was adjourned until further notice.,Neutral
587,The court criticized the firm’s handling of the legal matter.,Negative
588,The defendant's actions were found to be fraudulent and deliberate.,Negative
589,"The defendant successfully demonstrated their innocence, resulting in a full acquittal.",Positive
590,The court has requested additional documentation before proceeding.,Neutral
591,The agreement includes clauses that defer specific responsibilities.,Neutral
592,"The court ruled in favor of the Collier, Chambers and Buckley, citing substantial compliance with all regulations.",Positive
593,"The settlement was achieved efficiently, with minimal court intervention.",Positive
594,"The plaintiff failed to provide sufficient evidence, leading to dismissal of the case.",Negative
595,The final judgment praised the party's adherence to ethical standards.,Positive
596,"The settlement was achieved efficiently, with minimal court intervention.",Positive
597,The company was fined for repeated violations of regulatory standards.,Negative
598,The company was fined for repeated violations of regulatory standards.,Negative
599,"The defendant successfully demonstrated their innocence, resulting in a full acquittal.",Positive
600,The judge ordered a review of procedural aspects.,Neutral
601,No decision was reached pending further investigation.,Neutral
602,No decision was reached pending further investigation.,Neutral
603,An internal audit uncovered unlawful practices by the legal entity.,Negative
604,The contract breach resulted in significant financial penalties.,Negative
605,"The plaintiff failed to provide sufficient evidence, leading to dismissal of the case.",Negative
606,"The settlement was achieved efficiently, with minimal court intervention.",Positive
607,The court criticized the firm’s handling of the legal matter.,Negative
608,The contract breach resulted in significant financial penalties.,Negative
609,An internal audit uncovered unlawful practices by the legal entity.,Negative
610,No decision was reached pending further investigation.,Neutral
611,Positive feedback was received regarding the legal counsel's performance.,Positive
612,"The case concluded with favorable terms for the company, avoiding litigation.",Positive
613,"The plaintiff failed to provide sufficient evidence, leading to dismissal of the case.",Negative
614,"The case concluded with favorable terms for the company, avoiding litigation.",Positive
615,The judge expressed concern over non-compliance with court orders.,Negative
616,Positive feedback was received regarding the legal counsel's performance.,Positive
617,The case revealed multiple compliance failures by the organization.,Negative
618,The contract breach resulted in significant financial penalties.,Negative
619,The legal team submitted a revised motion for consideration.,Neutral
620,The judge expressed concern over non-compliance with court orders.,Negative
621,The agreement includes clauses that defer specific responsibilities.,Neutral
622,"The case concluded with favorable terms for the company, avoiding litigation.",Positive
623,The ruling imposed strict sanctions for the breach of contract.,Negative
624,The court has requested additional documentation before proceeding.,Neutral
625,The case revealed multiple compliance failures by the organization.,Negative
626,"The plaintiff failed to provide sufficient evidence, leading to dismissal of the case.",Negative
627,The case was transferred to a different jurisdiction for review.,Neutral
628,The case revealed multiple compliance failures by the organization.,Negative
629,The parties are required to submit quarterly compliance reports.,Neutral
630,The defendant's actions were found to be fraudulent and deliberate.,Negative
631,"The settlement was achieved efficiently, with minimal court intervention.",Positive
632,"The settlement was achieved efficiently, with minimal court intervention.",Positive
633,Client complaints centered around the prolonged legal dispute.,Negative
634,"The plaintiff failed to provide sufficient evidence, leading to dismissal of the case.",Negative
635,"The court ruled in favor of the Myers PLC, citing substantial compliance with all regulations.",Positive
636,The ruling imposed strict sanctions for the breach of contract.,Negative
637,The parties are required to submit quarterly compliance reports.,Neutral
638,The contract breach resulted in significant financial penalties.,Negative
639,"The legal proceedings were resolved amicably, benefiting both parties.",Positive
640,The final judgment praised the party's adherence to ethical standards.,Positive
641,Client complaints centered around the prolonged legal dispute.,Negative
642,"The settlement was achieved efficiently, with minimal court intervention.",Positive
643,The contract was renewed based on excellent prior performance and mutual agreement.,Positive
644,The judge expressed concern over non-compliance with court orders.,Negative
645,The final judgment praised the party's adherence to ethical standards.,Positive
646,No decision was reached pending further investigation.,Neutral
647,The case revealed multiple compliance failures by the organization.,Negative
648,The ruling imposed strict sanctions for the breach of contract.,Negative
649,The ruling imposed strict sanctions for the breach of contract.,Negative
650,"The court ruled in favor of the Johnson-Lewis, citing substantial compliance with all regulations.",Positive
651,"The court ruled in favor of the Jones-Herring, citing substantial compliance with all regulations.",Positive
652,The final judgment praised the party's adherence to ethical standards.,Positive
653,The contract breach resulted in significant financial penalties.,Negative
654,The client expressed satisfaction with the swift settlement process.,Positive
655,"The legal proceedings were resolved amicably, benefiting both parties.",Positive
656,The agreement includes clauses that defer specific responsibilities.,Neutral
657,The agreement includes clauses that defer specific responsibilities.,Neutral
658,"The court ruled in favor of the Clark Group, citing substantial compliance with all regulations.",Positive
659,The client expressed satisfaction with the swift settlement process.,Positive
660,The defendant's actions were found to be fraudulent and deliberate.,Negative
661,The court criticized the firm’s handling of the legal matter.,Negative
662,The status conference was rescheduled to a later date.,Neutral
663,An internal audit uncovered unlawful practices by the legal entity.,Negative
664,"The settlement was achieved efficiently, with minimal court intervention.",Positive
665,The judge expressed concern over non-compliance with court orders.,Negative
666,"The legal proceedings were resolved amicably, benefiting both parties.",Positive
667,The client expressed satisfaction with the swift settlement process.,Positive
668,The hearing was adjourned until further notice.,Neutral
669,Positive feedback was received regarding the legal counsel's performance.,Positive
670,The judge ordered a review of procedural aspects.,Neutral
671,The judge expressed concern over non-compliance with court orders.,Negative
672,"The settlement was achieved efficiently, with minimal court intervention.",Positive
673,The judge expressed concern over non-compliance with court orders.,Negative
674,"The legal proceedings were resolved amicably, benefiting both parties.",Positive
675,The case revealed multiple compliance failures by the organization.,Negative
676,The parties are required to submit quarterly compliance reports.,Neutral
677,The court has requested additional documentation before proceeding.,Neutral
678,Positive feedback was received regarding the legal counsel's performance.,Positive
679,An internal audit uncovered unlawful practices by the legal entity.,Negative
680,"The plaintiff failed to provide sufficient evidence, leading to dismissal of the case.",Negative
681,The ruling imposed strict sanctions for the breach of contract.,Negative
682,"The settlement was achieved efficiently, with minimal court intervention.",Positive
683,"The court ruled in favor of the Pratt-Frost, citing substantial compliance with all regulations.",Positive
684,"The case concluded with favorable terms for the company, avoiding litigation.",Positive
685,The defendant's actions were found to be fraudulent and deliberate.,Negative
686,Positive feedback was received regarding the legal counsel's performance.,Positive
687,The client expressed satisfaction with the swift settlement process.,Positive
688,The judge ordered a review of procedural aspects.,Neutral
689,The judge expressed concern over non-compliance with court orders.,Negative
690,The judge ordered a review of procedural aspects.,Neutral
691,"The court ruled in favor of the Davis, Rogers and Branch, citing substantial compliance with all regulations.",Positive
692,The legal team submitted a revised motion for consideration.,Neutral
693,The arbitration concluded with a win-win resolution.,Positive
694,"The settlement was achieved efficiently, with minimal court intervention.",Positive
695,"The legal proceedings were resolved amicably, benefiting both parties.",Positive
696,"The legal proceedings were resolved amicably, benefiting both parties.",Positive
697,The contract breach resulted in significant financial penalties.,Negative
698,Client complaints centered around the prolonged legal dispute.,Negative
699,Client complaints centered around the prolonged legal dispute.,Negative
700,The ruling imposed strict sanctions for the breach of contract.,Negative
701,The agreement includes clauses that defer specific responsibilities.,Neutral
702,"The plaintiff failed to provide sufficient evidence, leading to dismissal of the case.",Negative
703,The court criticized the firm’s handling of the legal matter.,Negative
704,"The defendant successfully demonstrated their innocence, resulting in a full acquittal.",Positive
705,The final judgment praised the party's adherence to ethical standards.,Positive
706,The contract was renewed based on excellent prior performance and mutual agreement.,Positive
707,The case was transferred to a different jurisdiction for review.,Neutral
708,"The case concluded with favorable terms for the company, avoiding litigation.",Positive
709,The status conference was rescheduled to a later date.,Neutral
710,The status conference was rescheduled to a later date.,Neutral
711,The status conference was rescheduled to a later date.,Neutral
712,The final judgment praised the party's adherence to ethical standards.,Positive
713,"The defendant successfully demonstrated their innocence, resulting in a full acquittal.",Positive
714,The court criticized the firm’s handling of the legal matter.,Negative
715,The case revealed multiple compliance failures by the organization.,Negative
716,The final judgment praised the party's adherence to ethical standards.,Positive
717,No decision was reached pending further investigation.,Neutral
718,The judge ordered a review of procedural aspects.,Neutral
719,The agreement includes clauses that defer specific responsibilities.,Neutral
720,An internal audit uncovered unlawful practices by the legal entity.,Negative
721,The client expressed satisfaction with the swift settlement process.,Positive
722,"The defendant successfully demonstrated their innocence, resulting in a full acquittal.",Positive
723,Positive feedback was received regarding the legal counsel's performance.,Positive
724,The ruling imposed strict sanctions for the breach of contract.,Negative
725,The client expressed satisfaction with the swift settlement process.,Positive
726,The contract was renewed based on excellent prior performance and mutual agreement.,Positive
727,"The plaintiff failed to provide sufficient evidence, leading to dismissal of the case.",Negative
728,"The legal proceedings were resolved amicably, benefiting both parties.",Positive
729,The client expressed satisfaction with the swift settlement process.,Positive
730,The contract was renewed based on excellent prior performance and mutual agreement.,Positive
731,"The legal proceedings were resolved amicably, benefiting both parties.",Positive
732,The contract breach resulted in significant financial penalties.,Negative
733,The judge ordered a review of procedural aspects.,Neutral
734,The legal team submitted a revised motion for consideration.,Neutral
735,The final judgment praised the party's adherence to ethical standards.,Positive
736,"The plaintiff failed to provide sufficient evidence, leading to dismissal of the case.",Negative
737,The ruling imposed strict sanctions for the breach of contract.,Negative
738,The case was transferred to a different jurisdiction for review.,Neutral
739,The final judgment praised the party's adherence to ethical standards.,Positive
740,"The settlement was achieved efficiently, with minimal court intervention.",Positive
741,The case was transferred to a different jurisdiction for review.,Neutral
742,The case was transferred to a different jurisdiction for review.,Neutral
743,Positive feedback was received regarding the legal counsel's performance.,Positive
744,The court has requested additional documentation before proceeding.,Neutral
745,The contract was renewed based on excellent prior performance and mutual agreement.,Positive
746,The arbitration concluded with a win-win resolution.,Positive
747,The arbitration concluded with a win-win resolution.,Positive
748,The parties are required to submit quarterly compliance reports.,Neutral
749,The appeal was filed within the statutory time frame.,Neutral
750,The hearing was adjourned until further notice.,Neutral
751,An internal audit uncovered unlawful practices by the legal entity.,Negative
752,"The legal proceedings were resolved amicably, benefiting both parties.",Positive
753,"The settlement was achieved efficiently, with minimal court intervention.",Positive
754,The judge expressed concern over non-compliance with court orders.,Negative
755,The judge ordered a review of procedural aspects.,Neutral
756,The arbitration concluded with a win-win resolution.,Positive
757,The appeal was filed within the statutory time frame.,Neutral
758,The hearing was adjourned until further notice.,Neutral
759,Client complaints centered around the prolonged legal dispute.,Negative
760,The legal team submitted a revised motion for consideration.,Neutral
761,No decision was reached pending further investigation.,Neutral
762,The court criticized the firm’s handling of the legal matter.,Negative
763,Client complaints centered around the prolonged legal dispute.,Negative
764,Positive feedback was received regarding the legal counsel's performance.,Positive
765,The ruling imposed strict sanctions for the breach of contract.,Negative
766,The defendant's actions were found to be fraudulent and deliberate.,Negative
767,The ruling imposed strict sanctions for the breach of contract.,Negative
768,The hearing was adjourned until further notice.,Neutral
769,The arbitration concluded with a win-win resolution.,Positive
770,The final judgment praised the party's adherence to ethical standards.,Positive
771,The judge expressed concern over non-compliance with court orders.,Negative
772,The court criticized the firm’s handling of the legal matter.,Negative
773,The client expressed satisfaction with the swift settlement process.,Positive
774,The hearing was adjourned until further notice.,Neutral
775,The contract was renewed based on excellent prior performance and mutual agreement.,Positive
776,The arbitration concluded with a win-win resolution.,Positive
777,The agreement includes clauses that defer specific responsibilities.,Neutral
778,The case revealed multiple compliance failures by the organization.,Negative
779,The status conference was rescheduled to a later date.,Neutral
780,The contract was renewed based on excellent prior performance and mutual agreement.,Positive
781,No decision was reached pending further investigation.,Neutral
782,The parties are required to submit quarterly compliance reports.,Neutral
783,"The court ruled in favor of the Mora, Woodard and Garrett, citing substantial compliance with all regulations.",Positive
784,Positive feedback was received regarding the legal counsel's performance.,Positive
785,"The plaintiff failed to provide sufficient evidence, leading to dismissal of the case.",Negative
786,"The court ruled in favor of the Schneider, Carroll and Meyer, citing substantial compliance with all regulations.",Positive
787,The judge expressed concern over non-compliance with court orders.,Negative
788,The client expressed satisfaction with the swift settlement process.,Positive
789,The judge ordered a review of procedural aspects.,Neutral
790,The ruling imposed strict sanctions for the breach of contract.,Negative
791,Client complaints centered around the prolonged legal dispute.,Negative
792,The parties are required to submit quarterly compliance reports.,Neutral
793,"The defendant successfully demonstrated their innocence, resulting in a full acquittal.",Positive
794,"The defendant successfully demonstrated their innocence, resulting in a full acquittal.",Positive
795,The final judgment praised the party's adherence to ethical standards.,Positive
796,"The legal proceedings were resolved amicably, benefiting both parties.",Positive
797,The case was transferred to a different jurisdiction for review.,Neutral
798,The hearing was adjourned until further notice.,Neutral
799,The appeal was filed within the statutory time frame.,Neutral
800,The legal team submitted a revised motion for consideration.,Neutral
801,No decision was reached pending further investigation.,Neutral
802,The ruling imposed strict sanctions for the breach of contract.,Negative
803,The client expressed satisfaction with the swift settlement process.,Positive
804,"The settlement was achieved efficiently, with minimal court intervention.",Positive
805,The final judgment praised the party's adherence to ethical standards.,Positive
806,"The defendant successfully demonstrated their innocence, resulting in a full acquittal.",Positive
807,The status conference was rescheduled to a later date.,Neutral
808,The legal team submitted a revised motion for consideration.,Neutral
809,The contract breach resulted in significant financial penalties.,Negative
810,The case was transferred to a different jurisdiction for review.,Neutral
811,The status conference was rescheduled to a later date.,Neutral
812,The contract breach resulted in significant financial penalties.,Negative
813,The status conference was rescheduled to a later date.,Neutral
814,"The settlement was achieved efficiently, with minimal court intervention.",Positive
815,"The legal proceedings were resolved amicably, benefiting both parties.",Positive
816,"The case concluded with favorable terms for the company, avoiding litigation.",Positive
817,The arbitration concluded with a win-win resolution.,Positive
818,The client expressed satisfaction with the swift settlement process.,Positive
819,No decision was reached pending further investigation.,Neutral
820,The final judgment praised the party's adherence to ethical standards.,Positive
821,The case revealed multiple compliance failures by the organization.,Negative
822,Client complaints centered around the prolonged legal dispute.,Negative
823,"The defendant successfully demonstrated their innocence, resulting in a full acquittal.",Positive
824,The status conference was rescheduled to a later date.,Neutral
825,The judge ordered a review of procedural aspects.,Neutral
826,The legal team submitted a revised motion for consideration.,Neutral
827,The legal team submitted a revised motion for consideration.,Neutral
828,"The plaintiff failed to provide sufficient evidence, leading to dismissal of the case.",Negative
829,"The defendant successfully demonstrated their innocence, resulting in a full acquittal.",Positive
830,"The settlement was achieved efficiently, with minimal court intervention.",Positive
831,The legal team submitted a revised motion for consideration.,Neutral
832,Client complaints centered around the prolonged legal dispute.,Negative
833,The legal team submitted a revised motion for consideration.,Neutral
834,The legal team submitted a revised motion for consideration.,Neutral
835,The judge ordered a review of procedural aspects.,Neutral
836,The ruling imposed strict sanctions for the breach of contract.,Negative
837,The final judgment praised the party's adherence to ethical standards.,Positive
838,The judge ordered a review of procedural aspects.,Neutral
839,The final judgment praised the party's adherence to ethical standards.,Positive
840,"The plaintiff failed to provide sufficient evidence, leading to dismissal of the case.",Negative
841,The arbitration concluded with a win-win resolution.,Positive
842,The contract was renewed based on excellent prior performance and mutual agreement.,Positive
843,An internal audit uncovered unlawful practices by the legal entity.,Negative
844,The contract breach resulted in significant financial penalties.,Negative
845,An internal audit uncovered unlawful practices by the legal entity.,Negative
846,The case was transferred to a different jurisdiction for review.,Neutral
847,The appeal was filed within the statutory time frame.,Neutral
848,The appeal was filed within the statutory time frame.,Neutral
849,The legal team submitted a revised motion for consideration.,Neutral
850,The ruling imposed strict sanctions for the breach of contract.,Negative
851,The client expressed satisfaction with the swift settlement process.,Positive
852,"The defendant successfully demonstrated their innocence, resulting in a full acquittal.",Positive
853,The defendant's actions were found to be fraudulent and deliberate.,Negative
854,The judge expressed concern over non-compliance with court orders.,Negative
855,An internal audit uncovered unlawful practices by the legal entity.,Negative
856,"The case concluded with favorable terms for the company, avoiding litigation.",Positive
857,The ruling imposed strict sanctions for the breach of contract.,Negative
858,"The plaintiff failed to provide sufficient evidence, leading to dismissal of the case.",Negative
859,The case was transferred to a different jurisdiction for review.,Neutral
860,The case was transferred to a different jurisdiction for review.,Neutral
861,An internal audit uncovered unlawful practices by the legal entity.,Negative
862,The company was fined for repeated violations of regulatory standards.,Negative
863,The defendant's actions were found to be fraudulent and deliberate.,Negative
864,The contract was renewed based on excellent prior performance and mutual agreement.,Positive
865,The company was fined for repeated violations of regulatory standards.,Negative
866,The judge ordered a review of procedural aspects.,Neutral
867,The arbitration concluded with a win-win resolution.,Positive
868,The final judgment praised the party's adherence to ethical standards.,Positive
869,The agreement includes clauses that defer specific responsibilities.,Neutral
870,The defendant's actions were found to be fraudulent and deliberate.,Negative
871,"The defendant successfully demonstrated their innocence, resulting in a full acquittal.",Positive
872,Client complaints centered around the prolonged legal dispute.,Negative
873,"The case concluded with favorable terms for the company, avoiding litigation.",Positive
874,The final judgment praised the party's adherence to ethical standards.,Positive
875,"The case concluded with favorable terms for the company, avoiding litigation.",Positive
876,"The court ruled in favor of the Torres Ltd, citing substantial compliance with all regulations.",Positive
877,The judge ordered a review of procedural aspects.,Neutral
878,"The plaintiff failed to provide sufficient evidence, leading to dismissal of the case.",Negative
879,The contract breach resulted in significant financial penalties.,Negative
880,The parties are required to submit quarterly compliance reports.,Neutral
881,"The court ruled in favor of the Krause-Barrera, citing substantial compliance with all regulations.",Positive
882,The hearing was adjourned until further notice.,Neutral
883,The defendant's actions were found to be fraudulent and deliberate.,Negative
884,No decision was reached pending further investigation.,Neutral
885,The contract breach resulted in significant financial penalties.,Negative
886,The case revealed multiple compliance failures by the organization.,Negative
887,"The settlement was achieved efficiently, with minimal court intervention.",Positive
888,"The case concluded with favorable terms for the company, avoiding litigation.",Positive
889,The court has requested additional documentation before proceeding.,Neutral
890,The parties are required to submit quarterly compliance reports.,Neutral
891,The judge expressed concern over non-compliance with court orders.,Negative
892,The hearing was adjourned until further notice.,Neutral
893,An internal audit uncovered unlawful practices by the legal entity.,Negative
894,The appeal was filed within the statutory time frame.,Neutral
895,The company was fined for repeated violations of regulatory standards.,Negative
896,"The plaintiff failed to provide sufficient evidence, leading to dismissal of the case.",Negative
897,No decision was reached pending further investigation.,Neutral
898,The status conference was rescheduled to a later date.,Neutral
899,"The case concluded with favorable terms for the company, avoiding litigation.",Positive
900,The court criticized the firm’s handling of the legal matter.,Negative
901,The company was fined for repeated violations of regulatory standards.,Negative
902,The court has requested additional documentation before proceeding.,Neutral
903,The court criticized the firm’s handling of the legal matter.,Negative
904,The judge expressed concern over non-compliance with court orders.,Negative
905,The appeal was filed within the statutory time frame.,Neutral
906,The contract was renewed based on excellent prior performance and mutual agreement.,Positive
907,No decision was reached pending further investigation.,Neutral
908,The parties are required to submit quarterly compliance reports.,Neutral
909,Client complaints centered around the prolonged legal dispute.,Negative
910,The contract was renewed based on excellent prior performance and mutual agreement.,Positive
911,The case was transferred to a different jurisdiction for review.,Neutral
912,The legal team submitted a revised motion for consideration.,Neutral
913,An internal audit uncovered unlawful practices by the legal entity.,Negative
914,An internal audit uncovered unlawful practices by the legal entity.,Negative
915,"The legal proceedings were resolved amicably, benefiting both parties.",Positive
916,The appeal was filed within the statutory time frame.,Neutral
917,The status conference was rescheduled to a later date.,Neutral
918,The hearing was adjourned until further notice.,Neutral
919,The agreement includes clauses that defer specific responsibilities.,Neutral
920,The contract was renewed based on excellent prior performance and mutual agreement.,Positive
921,The case was transferred to a different jurisdiction for review.,Neutral
922,The status conference was rescheduled to a later date.,Neutral
923,Client complaints centered around the prolonged legal dispute.,Negative
924,The case was transferred to a different jurisdiction for review.,Neutral
925,The appeal was filed within the statutory time frame.,Neutral
926,The parties are required to submit quarterly compliance reports.,Neutral
927,An internal audit uncovered unlawful practices by the legal entity.,Negative
928,"The case concluded with favorable terms for the company, avoiding litigation.",Positive
929,"The court ruled in favor of the Huang, White and Shelton, citing substantial compliance with all regulations.",Positive
930,The company was fined for repeated violations of regulatory standards.,Negative
931,The contract was renewed based on excellent prior performance and mutual agreement.,Positive
932,The legal team submitted a revised motion for consideration.,Neutral
933,The court has requested additional documentation before proceeding.,Neutral
934,The hearing was adjourned until further notice.,Neutral
935,The appeal was filed within the statutory time frame.,Neutral
936,The court has requested additional documentation before proceeding.,Neutral
937,"The settlement was achieved efficiently, with minimal court intervention.",Positive
938,"The legal proceedings were resolved amicably, benefiting both parties.",Positive
939,The judge expressed concern over non-compliance with court orders.,Negative
940,The client expressed satisfaction with the swift settlement process.,Positive
941,"The case concluded with favorable terms for the company, avoiding litigation.",Positive
942,The defendant's actions were found to be fraudulent and deliberate.,Negative
943,The status conference was rescheduled to a later date.,Neutral
944,The court criticized the firm’s handling of the legal matter.,Negative
945,The court criticized the firm’s handling of the legal matter.,Negative
946,The court criticized the firm’s handling of the legal matter.,Negative
947,The ruling imposed strict sanctions for the breach of contract.,Negative
948,The court has requested additional documentation before proceeding.,Neutral
949,The hearing was adjourned until further notice.,Neutral
950,The judge expressed concern over non-compliance with court orders.,Negative
951,The hearing was adjourned until further notice.,Neutral
952,The contract was renewed based on excellent prior performance and mutual agreement.,Positive
953,"The settlement was achieved efficiently, with minimal court intervention.",Positive
954,The hearing was adjourned until further notice.,Neutral
955,The hearing was adjourned until further notice.,Neutral
956,The case revealed multiple compliance failures by the organization.,Negative
957,An internal audit uncovered unlawful practices by the legal entity.,Negative
958,The client expressed satisfaction with the swift settlement process.,Positive
959,The contract breach resulted in significant financial penalties.,Negative
960,Client complaints centered around the prolonged legal dispute.,Negative
961,The court has requested additional documentation before proceeding.,Neutral
962,"The case concluded with favorable terms for the company, avoiding litigation.",Positive
963,Positive feedback was received regarding the legal counsel's performance.,Positive
964,The appeal was filed within the statutory time frame.,Neutral
965,An internal audit uncovered unlawful practices by the legal entity.,Negative
966,"The plaintiff failed to provide sufficient evidence, leading to dismissal of the case.",Negative
967,The contract was renewed based on excellent prior performance and mutual agreement.,Positive
968,The case revealed multiple compliance failures by the organization.,Negative
969,"The plaintiff failed to provide sufficient evidence, leading to dismissal of the case.",Negative
970,"The case concluded with favorable terms for the company, avoiding litigation.",Positive
971,Positive feedback was received regarding the legal counsel's performance.,Positive
972,The legal team submitted a revised motion for consideration.,Neutral
973,The contract was renewed based on excellent prior performance and mutual agreement.,Positive
974,The ruling imposed strict sanctions for the breach of contract.,Negative
975,The court has requested additional documentation before proceeding.,Neutral
976,The ruling imposed strict sanctions for the breach of contract.,Negative
977,The ruling imposed strict sanctions for the breach of contract.,Negative
978,The case revealed multiple compliance failures by the organization.,Negative
979,"The defendant successfully demonstrated their innocence, resulting in a full acquittal.",Positive
980,The appeal was filed within the statutory time frame.,Neutral
981,The arbitration concluded with a win-win resolution.,Positive
982,The appeal was filed within the statutory time frame.,Neutral
983,"The court ruled in favor of the Walker and Sons, citing substantial compliance with all regulations.",Positive
984,The legal team submitted a revised motion for consideration.,Neutral
985,The arbitration concluded with a win-win resolution.,Positive
986,The court has requested additional documentation before proceeding.,Neutral
987,"The settlement was achieved efficiently, with minimal court intervention.",Positive
988,The case revealed multiple compliance failures by the organization.,Negative
989,"The settlement was achieved efficiently, with minimal court intervention.",Positive
990,The case was transferred to a different jurisdiction for review.,Neutral
991,The company was fined for repeated violations of regulatory standards.,Negative
992,"The legal proceedings were resolved amicably, benefiting both parties.",Positive
993,The client expressed satisfaction with the swift settlement process.,Positive
994,"The settlement was achieved efficiently, with minimal court intervention.",Positive
995,The client expressed satisfaction with the swift settlement process.,Positive
996,The legal team submitted a revised motion for consideration.,Neutral
997,The contract breach resulted in significant financial penalties.,Negative
998,The client expressed satisfaction with the swift settlement process.,Positive
999,An internal audit uncovered unlawful practices by the legal entity.,Negative
1000,The judge ordered a review of procedural aspects.,Neutral
